{"gen_images": {"_type": "image-file", "sha256": "45f9c64655b26c96aa765343d7122cd1d5b44e5ea4a354a2c63ba71583ed5383", "size": 1927781, "path": "media/images/gen_images_0_45f9c64655b26c96aa76.png", "format": "png", "width": 1024, "height": 1280, "caption": "000_000000"}, "_timestamp": 1710481711.4599752, "_runtime": 47.85571622848511, "_step": 1, "loss_eyes": 0.00846105720847845, "loss_landmarks": 0.003762325271964073, "loss_cycle": 1.2626476287841797, "loss_cycle_identity": 2.366297960281372, "loss_contrastive": 1.6822589635849, "loss_source_unet": 1.7943867444992065, "loss_target_unet": 1.447310447692871, "loss_id": 0.9798246026039124, "lossD": 3.5177669525146484, "lossG": 96.71460723876953, "loss_adv": 2.821329116821289, "loss_attr": 4.037744998931885, "loss_rec": 0.4117853045463562, "_wandb": {"runtime": 66}}