{"gen_images": {"_type": "image-file", "sha256": "9d041129d6a73c59036247af793fb756d7779985a73b1c88881693994262f5f8", "size": 1933765, "path": "media/images/gen_images_0_9d041129d6a73c590362.png", "format": "png", "width": 1024, "height": 1280, "caption": "000_000000"}, "_timestamp": 1710481428.502299, "_runtime": 42.38916206359863, "_step": 1, "loss_eyes": 0.007812041323632002, "loss_landmarks": 0.003537226002663374, "loss_cycle": 1.0657274723052979, "loss_cycle_identity": 1.4215081930160522, "loss_contrastive": 1.5470871925354004, "loss_source_unet": 0.7321993708610535, "loss_target_unet": 0.6614529490470886, "loss_id": 0.9611825942993164, "lossD": 3.5235724449157715, "lossG": 88.67842864990234, "loss_adv": 2.6612911224365234, "loss_attr": 4.048212051391602, "loss_rec": 0.47425565123558044, "_wandb": {"runtime": 56}}