{"gen_images": {"_type": "image-file", "sha256": "99c4d9cb1f7a2b40e0c996c8f2b5754b1d4ff0330e5867ab83047ce43818f536", "size": 1927261, "path": "media/images/gen_images_0_99c4d9cb1f7a2b40e0c9.png", "format": "png", "width": 1024, "height": 1280, "caption": "000_000000"}, "_timestamp": 1710483546.8149168, "_runtime": 131.550274848938, "_step": 5, "loss_eyes": 0.007743546739220619, "loss_landmarks": 0.0036540688015520573, "loss_cycle": 0.9184505343437195, "loss_cycle_identity": 1.2511236667633057, "loss_contrastive": 1.5269792079925537, "loss_source_unet": 0.5118772387504578, "loss_target_unet": 0.5315836668014526, "loss_id": 0.951370358467102, "lossD": 3.7857985496520996, "lossG": 89.76007080078125, "loss_adv": 4.852713108062744, "loss_attr": 4.285916805267334, "loss_rec": 0.3490898311138153, "our_images": {"_type": "image-file", "sha256": "9b509c2759f8657c0204674eb8029327facb2f8092045ce21183d87359671fd2", "size": 1793456, "path": "media/images/our_images_4_9b509c2759f8657c0204.png", "format": "png", "width": 1536, "height": 768, "caption": "000_000001"}, "_wandb": {"runtime": 138}}