{"gen_images": {"_type": "image-file", "sha256": "ba86b07f82b5e342d09b21655ad4527d4837f02f0fb3712f2be553a92c3de950", "size": 1927098, "path": "media/images/gen_images_0_ba86b07f82b5e342d09b.png", "format": "png", "width": 1024, "height": 1280, "caption": "000_000000"}, "_timestamp": 1710726685.7938836, "_runtime": 198.57959866523743, "_step": 64, "loss_eyes": 0.002812424674630165, "loss_landmarks": 0.0014174599200487137, "loss_cycle": 0.4766586422920227, "loss_cycle_identity": 0.27774131298065186, "loss_contrastive": 1.5960743427276611, "loss_source_unet": 0.02458527311682701, "loss_target_unet": 0.05446320027112961, "loss_id": 0.9320341348648071, "lossD": 2.8704566955566406, "lossG": 47.79773712158203, "loss_adv": 4.1663384437561035, "loss_attr": 1.3157880306243896, "loss_rec": 0.0, "our_images": {"_type": "image-file", "sha256": "1862bfdde6f6e0df6f5b2f9adfc3d8ebb1fb0cd7e896e1683fac91ae8c732ad7", "size": 1563080, "path": "media/images/our_images_2_1862bfdde6f6e0df6f5b.png", "format": "png", "width": 1536, "height": 768, "caption": "000_000000"}, "_wandb": {"runtime": 199}}