{"gen_images": {"_type": "image-file", "sha256": "5c8c02098c29e27bd72f8b346c367da2c1beafa9fb433af6b3855cc3c90f314a", "size": 1979800, "path": "media/images/gen_images_0_5c8c02098c29e27bd72f.png", "format": "png", "width": 1024, "height": 1280, "caption": "000_000000"}, "_timestamp": 1710726365.6012585, "_runtime": 39.987836599349976, "_step": 4, "loss_eyes": 0.006862509064376354, "loss_landmarks": 0.003320773597806692, "loss_cycle": 0.9689778089523315, "loss_cycle_identity": 1.1667132377624512, "loss_contrastive": 1.4068574905395508, "loss_source_unet": 0.3486424386501312, "loss_target_unet": 0.5896703600883484, "loss_id": 0.9737017750740051, "lossD": 3.924161911010742, "lossG": 89.45989990234375, "loss_adv": 4.658207416534424, "loss_attr": 4.273138999938965, "loss_rec": 0.3941900134086609, "our_images": {"_type": "image-file", "sha256": "cedbc5daa52003b2eff7d5ee99ab863b06d7f54328b517d7ca186f199322643f", "size": 1545738, "path": "media/images/our_images_2_cedbc5daa52003b2eff7.png", "format": "png", "width": 1536, "height": 768, "caption": "000_000000"}, "_wandb": {"runtime": 39}}