{"gen_images": {"_type": "image-file", "sha256": "ef289905f5cf49d08b62b57b5c40359872ca227580d3eeb81b299f9818bb4da4", "size": 1444645, "path": "media/images/gen_images_510_ef289905f5cf49d08b62.png", "format": "png", "width": 1024, "height": 1280, "caption": "000_000500"}, "_timestamp": 1710728860.963023, "_runtime": 1452.5156140327454, "_step": 518, "loss_eyes": 0.00351320905610919, "loss_landmarks": 0.0022375821135938168, "loss_cycle": 0.5397244095802307, "loss_cycle_identity": 0.191359281539917, "loss_contrastive": 1.4784331321716309, "loss_source_unet": 0.01328380685299635, "loss_target_unet": 0.023547537624835968, "loss_id": 0.9506018161773682, "lossD": 1.7289601564407349, "lossG": 4270.76806640625, "loss_adv": 4.31460428237915, "loss_attr": 423.6354675292969, "loss_rec": 0.0, "our_images": {"_type": "image-file", "sha256": "0cad8e081ef3fa7597e940188311e2a1810580c31874fbff2d32659db0c9353b", "size": 1931734, "path": "media/images/our_images_512_0cad8e081ef3fa7597e9.png", "format": "png", "width": 1536, "height": 768, "caption": "000_000500"}}