{"gen_images": {"_type": "image-file", "sha256": "66ed494f70f469a65c758c8924141d253e39009d109afbead20e271878db5a48", "size": 1971749, "path": "media/images/gen_images_0_66ed494f70f469a65c75.png", "format": "png", "width": 1024, "height": 1280, "caption": "000_000000"}, "_timestamp": 1710724291.4251926, "_runtime": 81.6222996711731, "_step": 19, "loss_eyes": 0.007854549214243889, "loss_landmarks": 0.0033440422266721725, "loss_cycle": 0.7647948861122131, "loss_cycle_identity": 0.6663806438446045, "loss_contrastive": 1.6960252523422241, "loss_source_unet": 0.11313723027706146, "loss_target_unet": 0.2679992914199829, "loss_id": 0.9992806911468506, "lossD": 3.470611572265625, "lossG": 70.6484146118164, "loss_adv": 3.4208004474639893, "loss_attr": 2.8863887786865234, "loss_rec": 0.2357635349035263, "our_images": {"_type": "image-file", "sha256": "c039cd08afb9238e330f70e25ce72505649a5e91c0f902bff46d0cd3b129ddbf", "size": 1552611, "path": "media/images/our_images_2_c039cd08afb9238e330f.png", "format": "png", "width": 1536, "height": 768, "caption": "000_000000"}, "_wandb": {"runtime": 81}}