{"gen_images": {"_type": "image-file", "sha256": "87d662126dc0e0bb2d61f1ace066cc6f2591f497def6a6531fe73faf15342e05", "size": 2014775, "path": "media/images/gen_images_0_87d662126dc0e0bb2d61.png", "format": "png", "width": 1024, "height": 1280, "caption": "000_000000"}, "_timestamp": 1710483193.5562363, "_runtime": 201.15330338478088, "_step": 9, "loss_eyes": 0.007022082805633545, "loss_landmarks": 0.0031631866004318, "loss_cycle": 0.8574818968772888, "loss_cycle_identity": 1.0768533945083618, "loss_contrastive": 1.6505464315414429, "loss_source_unet": 0.2235708236694336, "loss_target_unet": 0.5976446866989136, "loss_id": 1.0186325311660767, "lossD": 4.09636926651001, "lossG": 76.60047912597656, "loss_adv": 3.5460081100463867, "loss_attr": 3.120543956756592, "loss_rec": 0.27275943756103516, "our_images": {"_type": "image-file", "sha256": "66a86fbda39b46d4fbe64076a4a957373f7a63d22154cf9cb536bbd80b335578", "size": 1990250, "path": "media/images/our_images_8_66a86fbda39b46d4fbe6.png", "format": "png", "width": 1536, "height": 768, "caption": "000_000003"}, "_wandb": {"runtime": 233}}