{"gen_images": {"_type": "image-file", "sha256": "686575823fcab6d88457035b86d1c9c5d414326cd74117b70ed7cd42c8e403ee", "size": 1937206, "path": "media/images/gen_images_0_686575823fcab6d88457.png", "format": "png", "width": 1024, "height": 1280, "caption": "000_000000"}, "_timestamp": 1710726463.6222522, "_runtime": 85.40149521827698, "_step": 22, "loss_eyes": 0.011295878328382969, "loss_landmarks": 0.004533430561423302, "loss_cycle": 0.6340643167495728, "loss_cycle_identity": 0.5437073707580566, "loss_contrastive": 1.4483388662338257, "loss_source_unet": 0.05531571805477142, "loss_target_unet": 0.2277269810438156, "loss_id": 0.9462683200836182, "lossD": 3.1692605018615723, "lossG": 61.011619567871094, "loss_adv": 4.56909704208374, "loss_attr": 2.409903049468994, "loss_rec": 0.0, "our_images": {"_type": "image-file", "sha256": "ca416ecb6d379c92dd05b4477f34b870d4842d252a6532ee5f2cf5063a710e1d", "size": 1555188, "path": "media/images/our_images_2_ca416ecb6d379c92dd05.png", "format": "png", "width": 1536, "height": 768, "caption": "000_000000"}, "_wandb": {"runtime": 87}}