{"gen_images": {"_type": "image-file", "sha256": "d8ed24070b2db73e4d65a37eec75191e71f63b22bc0b1fb6362fc783efaf5db9", "size": 1360946, "path": "media/images/gen_images_510_d8ed24070b2db73e4d65.png", "format": "png", "width": 1024, "height": 1280, "caption": "000_000500"}, "_timestamp": 1710726232.6163538, "_runtime": 1675.3957777023315, "_step": 609, "loss_eyes": 0.0020827357657253742, "loss_landmarks": 0.0017808815464377403, "loss_cycle": 0.3974410593509674, "loss_cycle_identity": 0.3273776173591614, "loss_contrastive": 2.0170369148254395, "loss_source_unet": 0.030971597880125046, "loss_target_unet": 0.07022058963775635, "loss_id": 0.9917516112327576, "lossD": 2.145930528640747, "lossG": 16718430732288.0, "loss_adv": 4.021048545837402, "loss_attr": 1671843020800.0, "loss_rec": 0.0, "our_images": {"_type": "image-file", "sha256": "bcc9f1e10eb2fd997efcd548f4658eff937a1295702d5a745c72a7525f9e7c03", "size": 2063369, "path": "media/images/our_images_512_bcc9f1e10eb2fd997efc.png", "format": "png", "width": 1536, "height": 768, "caption": "000_000500"}, "_wandb": {"runtime": 1675}}