{"gen_images": {"_type": "image-file", "sha256": "709106575afb56a930ddcfd0fb97042a6a55fcbfa9f4f03685f0fb3532390a0e", "size": 1883608, "path": "media/images/gen_images_0_709106575afb56a930dd.png", "format": "png", "width": 1024, "height": 1280, "caption": "000_000000"}, "_timestamp": 1710482514.7893927, "_runtime": 722.5401058197021, "_step": 33, "loss_eyes": 0.01029651053249836, "loss_landmarks": 0.004341754596680403, "loss_cycle": 1.1778391599655151, "loss_cycle_identity": 0.5402167439460754, "loss_contrastive": 2.012125253677368, "loss_source_unet": 0.07778109610080719, "loss_target_unet": 0.17907410860061646, "loss_id": 1.0214107036590576, "lossD": 2.305372714996338, "lossG": 98.91900634765625, "loss_adv": 5.315486907958984, "loss_attr": 5.145133018493652, "loss_rec": 0.2811863422393799, "our_images": {"_type": "image-file", "sha256": "5c1db807237e6a88d8b20cd5f2faaab865422f9f4de2c66da61498489487e551", "size": 2279389, "path": "media/images/our_images_32_5c1db807237e6a88d8b2.png", "format": "png", "width": 1536, "height": 768, "caption": "000_000015"}, "_wandb": {"runtime": 738}}