{"gen_images": {"_type": "image-file", "sha256": "fbddb6b7ae500b49a647fb389c22adad9bcfa074964d7ede3f9faf0a77bf0d5b", "size": 1924802, "path": "media/images/gen_images_0_fbddb6b7ae500b49a647.png", "format": "png", "width": 1024, "height": 1280, "caption": "000_000000"}, "_timestamp": 1710723949.291209, "_runtime": 300.6217260360718, "_step": 94, "loss_eyes": 0.001348839607089758, "loss_landmarks": 0.001151347765699029, "loss_cycle": 0.4747180640697479, "loss_cycle_identity": 0.4456188976764679, "loss_contrastive": 1.8599635362625122, "loss_source_unet": 0.08090081065893173, "loss_target_unet": 0.16037820279598236, "loss_id": 0.9890999794006348, "lossD": 3.614037275314331, "lossG": 50.49519348144531, "loss_adv": 4.012059688568115, "loss_attr": 1.1664342880249023, "loss_rec": 0.0892852246761322, "our_images": {"_type": "image-file", "sha256": "37f7e596570e3919297b1119c7527d10026d11297d9c90b7eae8b2d40e8c4f55", "size": 2203364, "path": "media/images/our_images_94_37f7e596570e3919297b.png", "format": "png", "width": 1536, "height": 768, "caption": "000_000046"}, "_wandb": {"runtime": 301}}