{"gen_images": {"_type": "image-file", "sha256": "95ff7f4e6515066d27b29fb230b66b1292e74d2e77915c7b139b52f61f299ff8", "size": 1922023, "path": "media/images/gen_images_0_95ff7f4e6515066d27b2.png", "format": "png", "width": 1024, "height": 1280, "caption": "000_000000"}, "_timestamp": 1710480813.845476, "_runtime": 49.35470199584961, "_step": 1, "loss_eyes": 0.007990056648850441, "loss_landmarks": 0.0035742137115448713, "loss_cycle": 1.187332034111023, "loss_cycle_identity": 1.6696763038635254, "loss_contrastive": 1.6021844148635864, "loss_id": 1.0033423900604248, "lossD": 3.523517370223999, "lossG": 87.54106140136719, "loss_adv": 2.6214284896850586, "loss_attr": 3.705841302871704, "loss_rec": 0.3576413691043854, "loss_source_unet": 1.012376308441162, "loss_target_unet": 0.9060471057891846, "_wandb": {"runtime": 61}}