{"gen_images": {"_type": "image-file", "sha256": "4c25be789843c68b0bf692fda2656b0c9512bfa7303a71ec5a4a167eb2ead331", "size": 2033761, "path": "media/images/gen_images_0_4c25be789843c68b0bf6.png", "format": "png", "width": 1024, "height": 1280, "caption": "000_000000"}, "_timestamp": 1710723627.5119374, "_runtime": 84.38954448699951, "_step": 19, "loss_eyes": 0.003609251929447055, "loss_landmarks": 0.002237197244539857, "loss_cycle": 0.9098527431488037, "loss_cycle_identity": 0.9647953510284424, "loss_contrastive": 1.5246535539627075, "loss_source_unet": 0.1675848662853241, "loss_target_unet": 0.6021440029144287, "loss_id": 1.0082794427871704, "lossD": 3.6147234439849854, "lossG": 71.28900909423828, "loss_adv": 2.277986764907837, "loss_attr": 2.876739263534546, "loss_rec": 0.23095709085464478, "our_images": {"_type": "image-file", "sha256": "4a1552c03118cf713644c98f285fd85d1729480e4d1a83ac4c4262d7e49471fa", "size": 2056806, "path": "media/images/our_images_18_4a1552c03118cf713644.png", "format": "png", "width": 1536, "height": 768, "caption": "000_000008"}, "_wandb": {"runtime": 85}}