{"gen_images": {"_type": "image-file", "sha256": "f2fd95e0d4e908cf6ff480f1176a7d0419367608d079749c0583a758dd540838", "size": 2069422, "path": "media/images/gen_images_0_f2fd95e0d4e908cf6ff4.png", "format": "png", "width": 1024, "height": 1280, "caption": "000_000000"}, "_timestamp": 1710481604.975289, "_runtime": 40.77076816558838, "_step": 1, "loss_eyes": 0.008168606087565422, "loss_landmarks": 0.003661399707198143, "loss_cycle": 1.1274175643920898, "loss_cycle_identity": 1.9354387521743774, "loss_contrastive": 1.985185146331787, "loss_source_unet": 1.179112434387207, "loss_target_unet": 1.1656885147094727, "loss_id": 0.985640287399292, "lossD": 3.486025094985962, "lossG": 90.35098266601562, "loss_adv": 3.2245731353759766, "loss_attr": 3.6110997200012207, "loss_rec": 0.3713935613632202, "_wandb": {"runtime": 51}}