{"gen_images": {"_type": "image-file", "sha256": "71eecc854fe68770479d033ef4cc3c575c391374c2226c443fcc4b049d5bcfa8", "size": 1918749, "path": "media/images/gen_images_0_71eecc854fe68770479d.png", "format": "png", "width": 1024, "height": 1280, "caption": "000_000000"}, "_timestamp": 1710726896.7719536, "_runtime": 67.72234869003296, "_step": 15, "loss_eyes": 0.0008364329114556313, "loss_landmarks": 0.001363418996334076, "loss_cycle": 0.7352876663208008, "loss_cycle_identity": 0.64210444688797, "loss_contrastive": 1.7627894878387451, "loss_source_unet": 0.06339764595031738, "loss_target_unet": 0.2948148846626282, "loss_id": 0.9714787006378174, "lossD": 3.1495327949523926, "lossG": 64.19203186035156, "loss_adv": 4.987902641296387, "loss_attr": 2.207252025604248, "loss_rec": 0.16415563225746155, "our_images": {"_type": "image-file", "sha256": "7fee8b5f6507e2c7590d829f87f73dc342f69dc2b3236ec87e23025a4ee695b8", "size": 1732210, "path": "media/images/our_images_2_7fee8b5f6507e2c7590d.png", "format": "png", "width": 1536, "height": 768, "caption": "000_000000"}, "_wandb": {"runtime": 68}}