{"gen_images": {"_type": "image-file", "sha256": "3dc181e8ae239fc3692059747b891859462c7f74bd46da449c28686770b0d998", "size": 2006283, "path": "media/images/gen_images_0_3dc181e8ae239fc36920.png", "format": "png", "width": 1024, "height": 1280, "caption": "000_000000"}, "_timestamp": 1710724544.4375298, "_runtime": 111.46558785438538, "_step": 30, "loss_eyes": 0.0021783877164125443, "loss_landmarks": 0.0015126498183235526, "loss_cycle": 0.5320133566856384, "loss_cycle_identity": 0.48449981212615967, "loss_contrastive": 2.121927261352539, "loss_source_unet": 0.07082191854715347, "loss_target_unet": 0.13890770077705383, "loss_id": 1.0186021327972412, "lossD": 3.4675302505493164, "lossG": 50.377010345458984, "loss_adv": 4.1915483474731445, "loss_attr": 0.9909963607788086, "loss_rec": 0.0, "our_images": {"_type": "image-file", "sha256": "539345598b335b23756a74c576f2629a7b1704f85247303695d454b2324e67fe", "size": 1562053, "path": "media/images/our_images_2_539345598b335b23756a.png", "format": "png", "width": 1536, "height": 768, "caption": "000_000000"}, "_wandb": {"runtime": 110}}