{"gen_images": {"_type": "image-file", "sha256": "5830a393714ac8664db754b708cb5b766d6aef0f290093664e03487f6e8b4c66", "size": 1970579, "path": "media/images/gen_images_0_5830a393714ac8664db7.png", "format": "png", "width": 1024, "height": 1280, "caption": "000_000000"}, "_timestamp": 1710726299.440502, "_runtime": 57.886826038360596, "_step": 11, "loss_eyes": 0.00985560193657875, "loss_landmarks": 0.004370382055640221, "loss_cycle": 0.8549396991729736, "loss_cycle_identity": 0.9067195057868958, "loss_contrastive": 2.2871627807617188, "loss_source_unet": 0.18572334945201874, "loss_target_unet": 0.4333347976207733, "loss_id": 1.0777093172073364, "lossD": 3.6797752380371094, "lossG": 81.65003204345703, "loss_adv": 1.8216041326522827, "loss_attr": 3.7406702041625977, "loss_rec": 0.0, "our_images": {"_type": "image-file", "sha256": "3572d06b3d5460788ba714765d0a11deb341b34324981e247ce8ffee96824d67", "size": 1575111, "path": "media/images/our_images_2_3572d06b3d5460788ba7.png", "format": "png", "width": 1536, "height": 768, "caption": "000_000000"}, "_wandb": {"runtime": 58}}