{"gen_images": {"_type": "image-file", "sha256": "38f5b38256fb0ac4133f5e571bf5b0ab1228ed409b9b19299b6e5e15382d7116", "size": 1962813, "path": "media/images/gen_images_0_38f5b38256fb0ac4133f.png", "format": "png", "width": 1024, "height": 1280, "caption": "000_000000"}, "_timestamp": 1710483377.5077338, "_runtime": 142.03993678092957, "_step": 5, "loss_eyes": 0.0067199175246059895, "loss_landmarks": 0.0032526759896427393, "loss_cycle": 0.9265375137329102, "loss_cycle_identity": 1.5946745872497559, "loss_contrastive": 1.8237122297286987, "loss_source_unet": 0.6583478450775146, "loss_target_unet": 0.9563564658164978, "loss_id": 0.9736320972442627, "lossD": 3.2333920001983643, "lossG": 95.33336639404297, "loss_adv": 5.895158767700195, "loss_attr": 4.253445148468018, "loss_rec": 0.4088532030582428, "our_images": {"_type": "image-file", "sha256": "5e7267f9c3f1697ceb2d481a8a918bc9c826a9caebcb6ea3cdf2ec5483ef1d47", "size": 1726352, "path": "media/images/our_images_4_5e7267f9c3f1697ceb2d.png", "format": "png", "width": 1536, "height": 768, "caption": "000_000001"}, "_wandb": {"runtime": 171}}